<?xml version="1.0" encoding="utf-8" ?>
<dwsync>
<file name="bordered-pulled.less" server="ftp.weby.16mb.com" local="130737705840000000" remote="130746349200000000" Dst="2" />
<file name="core.less" server="ftp.weby.16mb.com" local="130737705840000000" remote="130746349200000000" Dst="2" />
<file name="font-awesome.less" server="ftp.weby.16mb.com" local="130737705840000000" remote="130746349200000000" Dst="2" />
<file name="fixed-width.less" server="ftp.weby.16mb.com" local="130737705840000000" remote="130746349200000000" Dst="2" />
<file name="larger.less" server="ftp.weby.16mb.com" local="130737705840000000" remote="130746349200000000" Dst="2" />
<file name="list.less" server="ftp.weby.16mb.com" local="130737705840000000" remote="130746349200000000" Dst="2" />
<file name="path.less" server="ftp.weby.16mb.com" local="130737705840000000" remote="130746349200000000" Dst="2" />
<file name="mixins.less" server="ftp.weby.16mb.com" local="130737705840000000" remote="130746349200000000" Dst="2" />
<file name="stacked.less" server="ftp.weby.16mb.com" local="130737705840000000" remote="130746349200000000" Dst="2" />
<file name="variables.less" server="ftp.weby.16mb.com" local="130737705840000000" remote="130746349200000000" Dst="2" />
<file name="animated.less" server="ftp.weby.16mb.com" local="130737705840000000" remote="130746349200000000" Dst="2" />
<file name="icons.less" server="ftp.weby.16mb.com" local="130737705840000000" remote="130746349800000000" Dst="2" />
<file name="rotated-flipped.less" server="ftp.weby.16mb.com" local="130737705840000000" remote="130746349800000000" Dst="2" />
</dwsync>