<?xml version="1.0" encoding="utf-8" ?>
<dwsync>
<file name="_animated.scss" server="ftp.weby.16mb.com" local="130737705840000000" remote="130746349200000000" Dst="2" />
<file name="_bordered-pulled.scss" server="ftp.weby.16mb.com" local="130737705840000000" remote="130746349200000000" Dst="2" />
<file name="_fixed-width.scss" server="ftp.weby.16mb.com" local="130737705840000000" remote="130746349200000000" Dst="2" />
<file name="_icons.scss" server="ftp.weby.16mb.com" local="130737705840000000" remote="130746349800000000" Dst="2" />
<file name="_list.scss" server="ftp.weby.16mb.com" local="130737705840000000" remote="130746349800000000" Dst="2" />
<file name="_path.scss" server="ftp.weby.16mb.com" local="130737705840000000" remote="130746349800000000" Dst="2" />
<file name="_rotated-flipped.scss" server="ftp.weby.16mb.com" local="130737705840000000" remote="130746349800000000" Dst="2" />
<file name="_variables.scss" server="ftp.weby.16mb.com" local="130737705840000000" remote="130746349800000000" Dst="2" />
<file name="font-awesome.scss" server="ftp.weby.16mb.com" local="130737705840000000" remote="130746349800000000" Dst="2" />
<file name="_core.scss" server="ftp.weby.16mb.com" local="130737705840000000" remote="130746349800000000" Dst="2" />
<file name="_mixins.scss" server="ftp.weby.16mb.com" local="130737705840000000" remote="130746349800000000" Dst="2" />
<file name="_stacked.scss" server="ftp.weby.16mb.com" local="130737705840000000" remote="130746349800000000" Dst="2" />
<file name="_larger.scss" server="ftp.weby.16mb.com" local="130737705840000000" remote="130746349800000000" Dst="2" />
</dwsync>